Agent,Message
LLM,How can I help you?
Person,What's happening?
LLM,"[Summary][Trends]

The dataset consists of a series of interactions between a person (P) and a robot (R) over five scenes, involving both task-oriented and conversational exchanges:

- **Scene 1**: The person requests a green pipe from the robot.
- **Scene 2**: The robot fetches the object while engaging in small talk about travel.
- **Scene 3**: The person requests a yellow pipe, and the conversation continues about the robot's travel experiences.
- **Scene 4**: The person assembles objects while discussing travel preferences and destinations with the robot.
- **Scene 5**: The person mentions wanting to visit Las Vegas.

Throughout the scenes, there is a mix of task-related actions (fetching and assembling objects) and conversational dialogue, mainly centered around the topic of travel."
Person,Are there many instances of the person discussing with the robot while performing tasks?
LLM,"[Summary][Frequency]

Yes, there are several instances where the person discusses with the robot while performing tasks. Specifically:

- **Scene 2**: While the robot fetches an object, there is a conversation about travel.
- **Scene 3**: During the fetching of another object, the discussion continues about travel experiences.
- **Scene 4**: As the person assembles objects, they talk about travel preferences and destinations.

These instances indicate that the person often engages in conversation with the robot while involved in task-related activities."
Person,Can you explain this more?
LLM,"[Elaborate]

Certainly! Here's a more detailed breakdown of the instances where the person discusses with the robot while performing tasks:

- **Scene 2**:
  - Task: The robot is fetching an object while the person is grabbing objects from a bin.
  - Discussion: The robot initiates a conversation by asking if the person likes to travel. The person responds affirmatively and asks the robot about its travel experiences. The robot shares that it arrived in the US from Germany in a large box.

- **Scene 3**:
  - Task: The person asks the robot to fetch a yellow pipe.
  - Discussion: While the robot is fetching the yellow pipe, it mentions that it hasn't traveled much apart from coming to the US from Germany. The person then asks if the robot prefers the United States or Germany.

- **Scene 4**:
  - Task: The person is assembling objects.
  - Discussion: The robot states that it does not have personal preferences and is there to assist the person. The person then comments on Germany having good chocolate, and the robot asks if there's anywhere in the US the person would like to visit.

In these scenes, the person and the robot engage in conversations primarily centered around the topic of travel while they are also performing their respective tasks. This combination of task execution and dialogue suggests a multitasking environment where communication and action happen simultaneously."
Person,What about instances in the data where they aren't talking?
LLM,"[Summary][Frequency]

Here are the instances in the dataset where there is no conversation happening between the person and the robot:

- **Scene 1**:
  - **17:24-17:29**: The person simply asks the robot to bring a green pipe. There is no conversation beyond this request.

- **Scene 5**:
  - **18:55-19:11**: The person stops and stands up, saying ""Hmm."" and then mentioning they have never been to Las Vegas and heard it's a fun city to visit. Although there is a brief comment from the person, the robot does not respond, and there is no interactive dialogue happening during this time.

In summary, there are two specific instances in the dataset where there is minimal or no conversational exchange between the person and the robot."
Person,Can you point to an area of the data where the robot is doing something without being told?
LLM,"[Retrieve]

In the dataset provided, the robot is primarily responding to the person's requests or engaging in conversation initiated by the person. However, there is one instance where the robot engages in an action without a direct command:

- **Scene 2**:
  - **17:30-17:57**: After the person asks for a green pipe in Scene 1, the robot moves to grab the object and deliver it to the person. While fetching the object, the robot initiates a conversation by asking, ""By the way, do you like to travel?""

This indicates that the robot is capable of performing tasks (fetching the object) and initiating conversation without explicit instructions from the person during the task."
Person,Are there other instances of this?
LLM,"[Retrieve]

In addition to the previously mentioned instance, here is another example where the robot performs an action and initiates conversation without being explicitly told to do so:

- **Scene 3**:
  - **17:58-18:22**: After the person asks the robot to bring a yellow pipe, the robot moves to grab the object. During this action, the robot also continues the conversation by saying, ""Apart from that, I have not traveled much myself.""

These instances show the robot's capability to perform tasks and engage in conversation simultaneously, without needing continuous explicit commands for each action or conversational topic."
Person,How do these periods occur in relation to the discussion and actions?
LLM,"[Abstract]

The periods where the robot initiates actions or conversation without explicit instructions from the person typically occur during the execution of previously given commands. Here's how these periods relate to the discussion and actions:

- **Scene 2** (17:30-17:57):
  - **Action**: The robot is fetching an object after the person requested a green pipe in Scene 1.
  - **Discussion**: The robot initiates a conversation by asking, ""By the way, do you like to travel?"" while it is in the process of fetching the object.

- **Scene 3** (17:58-18:22):
  - **Action**: The robot is fetching a yellow pipe after the person requested it.
  - **Discussion**: The robot continues the conversation by saying, ""Apart from that, I have not traveled much myself,"" during the process of fetching the object.

In both instances, the robot's autonomous actions and initiation of conversation occur after it has received a task-related command. The conversation initiated by the robot serves to fill the time during task execution, creating a multitasking environment where actions and dialogue are interwoven. The robot maintains engagement with the person while performing its tasks, enhancing the interaction experience."
Person,Is there anything else interesting in the data?
LLM,"[Summary][Outliers]

Here are some additional interesting points in the dataset:

1. **Robot's Personalization of Conversation**:
   - The robot engages in small talk about travel, which is not typically expected in task-oriented scenarios. For example, in Scene 2, the robot shares that it arrived from Germany in a large box, adding a personal touch to the interaction.

2. **Person's Interest in the Robot's Experiences**:
   - The person shows interest in the robot's ""experiences,"" asking if the robot likes the United States or Germany more (Scene 3), and mentioning Germany's good chocolate (Scene 4). This anthropomorphizes the robot and adds a social dimension to the interaction.

3. **Lack of Robot's Personal Preferences**:
   - In Scene 4, the robot explicitly states, ""I do not have personal preferences. I am just here to assist you."" This highlights the robot's functional role despite the conversational tone.

4. **Unanswered Question**:
   - In Scene 4, the robot asks, ""Is there anywhere in the US you would like to visit?"" The person does not directly answer this question within the same scene, creating an open-ended interaction. However, the person later mentions wanting to visit Las Vegas in Scene 5, potentially linking back to the robot's question.

These outliers provide insights into the nature of human-robot interaction, showcasing a blend of task-oriented and social elements."
